{"cameraMode":{"drawMode":0,"name":"Shaded","section":"Shading Mode"},"sceneLighting":false,"audioPlay":false,"sceneViewState":{"m_AlwaysRefresh":false,"showFog":true,"showSkybox":false,"showFlares":true,"showImageEffects":true,"showParticleSystems":true,"showVisualEffectGraphs":true,"m_FxEnabled":true},"in2DMode":false,"pivot":{"x":-0.0016088634729385377,"y":-0.07999999821186066,"z":-0.04260373115539551},"rotation":{"x":0.18409627676010133,"y":-0.15410105884075166,"z":0.02923739142715931,"w":0.9703134298324585},"size":0.216205894947052,"orthographic":false}