{"cameraMode":{"drawMode":0,"name":"Shaded","section":"Shading Mode"},"sceneLighting":false,"audioPlay":false,"sceneViewState":{"m_AlwaysRefresh":false,"showFog":true,"showSkybox":false,"showFlares":true,"showImageEffects":true,"showParticleSystems":true,"showVisualEffectGraphs":true,"m_FxEnabled":true},"in2DMode":false,"pivot":{"x":0.007497396320104599,"y":-0.04922815412282944,"z":0.0016586706042289734},"rotation":{"x":0.06445625424385071,"y":-0.001496669603511691,"z":0.00009523065091343597,"w":0.9979296326637268},"size":0.2097701132297516,"orthographic":false}