{"cameraMode":{"drawMode":0,"name":"Shaded","section":"Shading Mode"},"sceneLighting":true,"audioPlay":false,"sceneViewState":{"m_AlwaysRefresh":false,"showFog":true,"showSkybox":true,"showFlares":true,"showImageEffects":true,"showParticleSystems":true,"showVisualEffectGraphs":true,"m_FxEnabled":true},"in2DMode":false,"pivot":{"x":0.8405808806419373,"y":1.8214728832244874,"z":-0.3311803340911865},"rotation":{"x":0.035902880132198337,"y":0.0703958123922348,"z":-0.0025354111567139627,"w":0.9968716502189636},"size":1.583794116973877,"orthographic":false}